nome,sobrenome,idade
Julieta,West,21
Krissy,Fisher,21
Efren,Cruickshank,25
Ollie,Konopelski,28
Scarlett,Mohr,36
Laverne,Hauck,38
Johnetta,Lakin,39
Kandy,Pouros,19
Jeannette,Thompson,32
Layla,Carroll,24
Arletha,Gulgowski,16
Qiana,Botsford,25
Ria,Emard,21
Cheryle,Christiansen,40
Raymon,Dach,31
Annabel,Beer,19
Ellis,Johns,41
Polly,Paucek,24
Terina,Blanda,21
Tanesha,Kirlin,24
Cinderella,Thiel,39
Becki,McClure,25
Winifred,Crist,23
Fletcher,Terry,35
Isabel,Streich,16
Giuseppe,Frami,32
Debora,Lemke,33
Jorge,Hammes,15
Myriam,Wilderman,28
Fiona,Jones,34
Jerrell,Ortiz,26
Alejandro,Hermiston,21
Kati,Goldner,21
Joel,Anderson,27
Ethan,Bechtelar,18
Brigette,Waelchi,23
Cornelia,Dach,19
Naomi,Terry,20
Sal,Zieme,33
Ted,Simonis,35
Noble,Hammes,32
Mara,Kris,33
Owen,Willms,37
Lavonna,Reichert,18
Terrence,Herman,31
Cliff,Gusikowski,22
Adolph,Rohan,27
Lavern,Olson,20
Latricia,Schoen,23
Kena,Zboncak,38
Mohammad,Daniel,34
Candy,Welch,20
Flossie,Rodriguez,38
Gregorio,Yost,31
Carlotta,Mann,19
Grant,Block,26
Jenny,Homenick,35
Basil,Kreiger,28
Trinidad,Schmitt,17
Kerstin,Kerluke,16
Milton,Dibbert,25
Micha,Lowe,25
Teodora,Marvin,37
Jordan,Reichel,38
Earnest,Paucek,22
Avery,Yundt,34
Carlo,Crist,27
Eve,Schneider,38
Roxanna,Gislason,24
Michaele,Keeling,21
Trish,Strosin,36
Britta,Quigley,37
Kevin,Stanton,35
Lon,Gerlach,41
Vincent,Labadie,31
Barrett,Flatley,32
Shakira,Friesen,17
Kellie,Koss,29
Laurence,Sporer,24
Rey,Yundt,41
Donald,Bergstrom,18
Carolyne,Kassulke,18
Dorthey,Boehm,21
Sid,Denesik,26
Freeman,Batz,25
Lakendra,Leuschke,35
Israel,Klein,39
Ester,Olson,19
Francis,Cummerata,27
Lewis,Stanton,19
Gene,Ullrich,29
Von,Reilly,42
Jessie,Sanford,26
Jesus,Romaguera,24
Karren,Kunde,42
Bradley,Jast,34
Tommie,Zemlak,19
Nolan,Larkin,42
Adriane,Krajcik,35
Brian,Wiza,37
